StateCode,DateTime,PowerStationName,NonSchedule,Schedule,ChartShowingScheduleValue,ChartShowingNonScheduleValue,TypeOfGeneration,fetched_at
ACP,2024-03-13,"DOYANG, NEEPCO",,,,,Hydro,2024-03-15 17:02:41
ACP,2024-03-13,"KHANDONG, NEEPCO",,,,,Hydro,2024-03-15 17:02:41
ACP,2024-03-13,"KOPILI-1, NEEPCO",,,,,Hydro,2024-03-15 17:02:41
ACP,2024-03-13,"KOPILI-2, NEEPCO",,,,,Hydro,2024-03-15 17:02:41
ACP,2024-03-13,"LOKTAK, NHPC",,,,,Hydro,2024-03-15 17:02:41
ACP,2024-03-13,"RANGANADI, NEEPCO",,,,,Hydro,2024-03-15 17:02:41
ACP,2024-03-13,"AGBPP, NEEPCO",,,,,Gas,2024-03-15 17:02:41
ACP,2024-03-13,AGTPP-CC,,,,,Gas,2024-03-15 17:02:41
ACP,2024-03-13,FARAKKA,,,,,Thermal,2024-03-15 17:02:41
ACP,2024-03-13,KAHALGAON - I,,,,,Thermal,2024-03-15 17:02:41
ACP,2024-03-13,NTPC BONGAIGAON,,,,,Thermal,2024-03-15 17:02:41
ACP,2024-03-13,PALATANA,,,,,Gas,2024-03-15 17:02:41
ACP,2024-03-13,TALCHER,,,,,Thermal,2024-03-15 17:02:41
ACP,2024-03-14,"DOYANG, NEEPCO",,,,,Hydro,2024-03-17 07:27:23
ACP,2024-03-14,"KHANDONG, NEEPCO",,,,,Hydro,2024-03-17 07:27:23
ACP,2024-03-14,"KOPILI-1, NEEPCO",,,,,Hydro,2024-03-17 07:27:23
ACP,2024-03-14,"KOPILI-2, NEEPCO",,,,,Hydro,2024-03-17 07:27:23
ACP,2024-03-14,"LOKTAK, NHPC",,,,,Hydro,2024-03-17 07:27:23
ACP,2024-03-14,"RANGANADI, NEEPCO",,,,,Hydro,2024-03-17 07:27:23
ACP,2024-03-14,"AGBPP, NEEPCO",,,,,Gas,2024-03-17 07:27:23
ACP,2024-03-14,AGTPP-CC,,,,,Gas,2024-03-17 07:27:23
ACP,2024-03-14,FARAKKA,,,,,Thermal,2024-03-17 07:27:23
ACP,2024-03-14,KAHALGAON - I,,,,,Thermal,2024-03-17 07:27:23
ACP,2024-03-14,NTPC BONGAIGAON,,,,,Thermal,2024-03-17 07:27:23
ACP,2024-03-14,PALATANA,,,,,Gas,2024-03-17 07:27:23
ACP,2024-03-14,TALCHER,,,,,Thermal,2024-03-17 07:27:23
ACP,2024-03-15,"DOYANG, NEEPCO",,,,,Hydro,2024-03-17 07:27:24
ACP,2024-03-15,"KHANDONG, NEEPCO",,,,,Hydro,2024-03-17 07:27:24
ACP,2024-03-15,"KOPILI-1, NEEPCO",,,,,Hydro,2024-03-17 07:27:24
ACP,2024-03-15,"KOPILI-2, NEEPCO",,,,,Hydro,2024-03-17 07:27:24
ACP,2024-03-15,"LOKTAK, NHPC",,,,,Hydro,2024-03-17 07:27:24
ACP,2024-03-15,"RANGANADI, NEEPCO",,,,,Hydro,2024-03-17 07:27:24
ACP,2024-03-15,"AGBPP, NEEPCO",,,,,Gas,2024-03-17 07:27:24
ACP,2024-03-15,AGTPP-CC,,,,,Gas,2024-03-17 07:27:24
ACP,2024-03-15,FARAKKA,,,,,Thermal,2024-03-17 07:27:24
ACP,2024-03-15,KAHALGAON - I,,,,,Thermal,2024-03-17 07:27:24
ACP,2024-03-15,NTPC BONGAIGAON,,,,,Thermal,2024-03-17 07:27:24
ACP,2024-03-15,PALATANA,,,,,Gas,2024-03-17 07:27:24
ACP,2024-03-15,TALCHER,,,,,Thermal,2024-03-17 07:27:24
ACP,2024-03-16,"DOYANG, NEEPCO",,,,,Hydro,2024-03-18 22:19:45
ACP,2024-03-16,"KHANDONG, NEEPCO",,,,,Hydro,2024-03-18 22:19:45
ACP,2024-03-16,"KOPILI-1, NEEPCO",,,,,Hydro,2024-03-18 22:19:45
ACP,2024-03-16,"KOPILI-2, NEEPCO",,,,,Hydro,2024-03-18 22:19:45
ACP,2024-03-16,"LOKTAK, NHPC",,,,,Hydro,2024-03-18 22:19:45
ACP,2024-03-16,"RANGANADI, NEEPCO",,,,,Hydro,2024-03-18 22:19:45
ACP,2024-03-16,"AGBPP, NEEPCO",,,,,Gas,2024-03-18 22:19:45
ACP,2024-03-16,AGTPP-CC,,,,,Gas,2024-03-18 22:19:45
ACP,2024-03-16,FARAKKA,,,,,Thermal,2024-03-18 22:19:45
ACP,2024-03-16,KAHALGAON - I,,,,,Thermal,2024-03-18 22:19:45
ACP,2024-03-16,NTPC BONGAIGAON,,,,,Thermal,2024-03-18 22:19:45
ACP,2024-03-16,PALATANA,,,,,Gas,2024-03-18 22:19:45
ACP,2024-03-16,TALCHER,,,,,Thermal,2024-03-18 22:19:45
ACP,2024-03-17,"DOYANG, NEEPCO",,,,,Hydro,2024-03-19 22:20:17
ACP,2024-03-17,"KHANDONG, NEEPCO",,,,,Hydro,2024-03-19 22:20:17
ACP,2024-03-17,"KOPILI-1, NEEPCO",,,,,Hydro,2024-03-19 22:20:17
ACP,2024-03-17,"KOPILI-2, NEEPCO",,,,,Hydro,2024-03-19 22:20:17
ACP,2024-03-17,"LOKTAK, NHPC",,,,,Hydro,2024-03-19 22:20:17
ACP,2024-03-17,"RANGANADI, NEEPCO",,,,,Hydro,2024-03-19 22:20:17
ACP,2024-03-17,"AGBPP, NEEPCO",,,,,Gas,2024-03-19 22:20:17
ACP,2024-03-17,AGTPP-CC,,,,,Gas,2024-03-19 22:20:17
ACP,2024-03-17,FARAKKA,,,,,Thermal,2024-03-19 22:20:17
ACP,2024-03-17,KAHALGAON - I,,,,,Thermal,2024-03-19 22:20:17
ACP,2024-03-17,NTPC BONGAIGAON,,,,,Thermal,2024-03-19 22:20:17
ACP,2024-03-17,PALATANA,,,,,Gas,2024-03-19 22:20:17
ACP,2024-03-17,TALCHER,,,,,Thermal,2024-03-19 22:20:17
ACP,2024-03-18,"DOYANG, NEEPCO",,,,,Hydro,2024-03-20 22:19:43
ACP,2024-03-18,"KHANDONG, NEEPCO",,,,,Hydro,2024-03-20 22:19:43
ACP,2024-03-18,"KOPILI-1, NEEPCO",,,,,Hydro,2024-03-20 22:19:43
ACP,2024-03-18,"KOPILI-2, NEEPCO",,,,,Hydro,2024-03-20 22:19:43
ACP,2024-03-18,"LOKTAK, NHPC",,,,,Hydro,2024-03-20 22:19:43
ACP,2024-03-18,"RANGANADI, NEEPCO",,,,,Hydro,2024-03-20 22:19:43
ACP,2024-03-18,"AGBPP, NEEPCO",,,,,Gas,2024-03-20 22:19:43
ACP,2024-03-18,AGTPP-CC,,,,,Gas,2024-03-20 22:19:43
ACP,2024-03-18,FARAKKA,,,,,Thermal,2024-03-20 22:19:43
ACP,2024-03-18,KAHALGAON - I,,,,,Thermal,2024-03-20 22:19:43
ACP,2024-03-18,NTPC BONGAIGAON,,,,,Thermal,2024-03-20 22:19:43
ACP,2024-03-18,PALATANA,,,,,Gas,2024-03-20 22:19:43
ACP,2024-03-18,TALCHER,,,,,Thermal,2024-03-20 22:19:43
ACP,2024-03-19,"DOYANG, NEEPCO",,,,,Hydro,2024-03-21 22:19:44
ACP,2024-03-19,"KHANDONG, NEEPCO",,,,,Hydro,2024-03-21 22:19:44
ACP,2024-03-19,"KOPILI-1, NEEPCO",,,,,Hydro,2024-03-21 22:19:44
ACP,2024-03-19,"KOPILI-2, NEEPCO",,,,,Hydro,2024-03-21 22:19:44
ACP,2024-03-19,"LOKTAK, NHPC",,,,,Hydro,2024-03-21 22:19:44
ACP,2024-03-19,"RANGANADI, NEEPCO",,,,,Hydro,2024-03-21 22:19:44
ACP,2024-03-19,"AGBPP, NEEPCO",,,,,Gas,2024-03-21 22:19:44
ACP,2024-03-19,AGTPP-CC,,,,,Gas,2024-03-21 22:19:44
ACP,2024-03-19,FARAKKA,,,,,Thermal,2024-03-21 22:19:44
ACP,2024-03-19,KAHALGAON - I,,,,,Thermal,2024-03-21 22:19:44
ACP,2024-03-19,NTPC BONGAIGAON,,,,,Thermal,2024-03-21 22:19:44
ACP,2024-03-19,PALATANA,,,,,Gas,2024-03-21 22:19:44
ACP,2024-03-19,TALCHER,,,,,Thermal,2024-03-21 22:19:44
ACP,2024-03-20,"DOYANG, NEEPCO",,,,,Hydro,2024-03-22 22:19:38
ACP,2024-03-20,"KHANDONG, NEEPCO",,,,,Hydro,2024-03-22 22:19:38
ACP,2024-03-20,"KOPILI-1, NEEPCO",,,,,Hydro,2024-03-22 22:19:38
ACP,2024-03-20,"KOPILI-2, NEEPCO",,,,,Hydro,2024-03-22 22:19:38
ACP,2024-03-20,"LOKTAK, NHPC",,,,,Hydro,2024-03-22 22:19:38
ACP,2024-03-20,"RANGANADI, NEEPCO",,,,,Hydro,2024-03-22 22:19:38
ACP,2024-03-20,"AGBPP, NEEPCO",,,,,Gas,2024-03-22 22:19:38
ACP,2024-03-20,AGTPP-CC,,,,,Gas,2024-03-22 22:19:38
ACP,2024-03-20,FARAKKA,,,,,Thermal,2024-03-22 22:19:38
ACP,2024-03-20,KAHALGAON - I,,,,,Thermal,2024-03-22 22:19:38
ACP,2024-03-20,NTPC BONGAIGAON,,,,,Thermal,2024-03-22 22:19:38
ACP,2024-03-20,PALATANA,,,,,Gas,2024-03-22 22:19:38
ACP,2024-03-20,TALCHER,,,,,Thermal,2024-03-22 22:19:38
ACP,2024-03-21,"DOYANG, NEEPCO",,,,,Hydro,2024-03-23 22:19:45
ACP,2024-03-21,"KHANDONG, NEEPCO",,,,,Hydro,2024-03-23 22:19:45
ACP,2024-03-21,"KOPILI-1, NEEPCO",,,,,Hydro,2024-03-23 22:19:45
ACP,2024-03-21,"KOPILI-2, NEEPCO",,,,,Hydro,2024-03-23 22:19:45
ACP,2024-03-21,"LOKTAK, NHPC",,,,,Hydro,2024-03-23 22:19:45
ACP,2024-03-21,"RANGANADI, NEEPCO",,,,,Hydro,2024-03-23 22:19:45
ACP,2024-03-21,"AGBPP, NEEPCO",,,,,Gas,2024-03-23 22:19:45
ACP,2024-03-21,AGTPP-CC,,,,,Gas,2024-03-23 22:19:45
ACP,2024-03-21,FARAKKA,,,,,Thermal,2024-03-23 22:19:45
ACP,2024-03-21,KAHALGAON - I,,,,,Thermal,2024-03-23 22:19:45
ACP,2024-03-21,NTPC BONGAIGAON,,,,,Thermal,2024-03-23 22:19:45
ACP,2024-03-21,PALATANA,,,,,Gas,2024-03-23 22:19:45
ACP,2024-03-21,TALCHER,,,,,Thermal,2024-03-23 22:19:45
ACP,2024-03-22,"DOYANG, NEEPCO",,,,,Hydro,2024-03-24 22:19:27
ACP,2024-03-22,"KHANDONG, NEEPCO",,,,,Hydro,2024-03-24 22:19:27
ACP,2024-03-22,"KOPILI-1, NEEPCO",,,,,Hydro,2024-03-24 22:19:27
ACP,2024-03-22,"KOPILI-2, NEEPCO",,,,,Hydro,2024-03-24 22:19:27
ACP,2024-03-22,"LOKTAK, NHPC",,,,,Hydro,2024-03-24 22:19:27
ACP,2024-03-22,"RANGANADI, NEEPCO",,,,,Hydro,2024-03-24 22:19:27
ACP,2024-03-22,"AGBPP, NEEPCO",,,,,Gas,2024-03-24 22:19:27
ACP,2024-03-22,AGTPP-CC,,,,,Gas,2024-03-24 22:19:27
ACP,2024-03-22,FARAKKA,,,,,Thermal,2024-03-24 22:19:27
ACP,2024-03-22,KAHALGAON - I,,,,,Thermal,2024-03-24 22:19:27
ACP,2024-03-22,NTPC BONGAIGAON,,,,,Thermal,2024-03-24 22:19:27
ACP,2024-03-22,PALATANA,,,,,Gas,2024-03-24 22:19:27
ACP,2024-03-22,TALCHER,,,,,Thermal,2024-03-24 22:19:27
ACP,2024-03-23,"DOYANG, NEEPCO",,,,,Hydro,2024-03-25 22:19:40
ACP,2024-03-23,"KHANDONG, NEEPCO",,,,,Hydro,2024-03-25 22:19:40
ACP,2024-03-23,"KOPILI-1, NEEPCO",,,,,Hydro,2024-03-25 22:19:40
ACP,2024-03-23,"KOPILI-2, NEEPCO",,,,,Hydro,2024-03-25 22:19:40
ACP,2024-03-23,"LOKTAK, NHPC",,,,,Hydro,2024-03-25 22:19:40
ACP,2024-03-23,"RANGANADI, NEEPCO",,,,,Hydro,2024-03-25 22:19:40
ACP,2024-03-23,"AGBPP, NEEPCO",,,,,Gas,2024-03-25 22:19:40
ACP,2024-03-23,AGTPP-CC,,,,,Gas,2024-03-25 22:19:40
ACP,2024-03-23,FARAKKA,,,,,Thermal,2024-03-25 22:19:40
ACP,2024-03-23,KAHALGAON - I,,,,,Thermal,2024-03-25 22:19:40
ACP,2024-03-23,NTPC BONGAIGAON,,,,,Thermal,2024-03-25 22:19:40
ACP,2024-03-23,PALATANA,,,,,Gas,2024-03-25 22:19:40
ACP,2024-03-23,TALCHER,,,,,Thermal,2024-03-25 22:19:40
ACP,2024-03-24,"DOYANG, NEEPCO",,,,,Hydro,2024-03-26 22:19:49
ACP,2024-03-24,"KHANDONG, NEEPCO",,,,,Hydro,2024-03-26 22:19:49
ACP,2024-03-24,"KOPILI-1, NEEPCO",,,,,Hydro,2024-03-26 22:19:49
ACP,2024-03-24,"KOPILI-2, NEEPCO",,,,,Hydro,2024-03-26 22:19:49
ACP,2024-03-24,"LOKTAK, NHPC",,,,,Hydro,2024-03-26 22:19:49
ACP,2024-03-24,"RANGANADI, NEEPCO",,,,,Hydro,2024-03-26 22:19:49
ACP,2024-03-24,"AGBPP, NEEPCO",,,,,Gas,2024-03-26 22:19:49
ACP,2024-03-24,AGTPP-CC,,,,,Gas,2024-03-26 22:19:49
ACP,2024-03-24,FARAKKA,,,,,Thermal,2024-03-26 22:19:49
ACP,2024-03-24,KAHALGAON - I,,,,,Thermal,2024-03-26 22:19:49
ACP,2024-03-24,NTPC BONGAIGAON,,,,,Thermal,2024-03-26 22:19:49
ACP,2024-03-24,PALATANA,,,,,Gas,2024-03-26 22:19:49
ACP,2024-03-24,TALCHER,,,,,Thermal,2024-03-26 22:19:49
ACP,2024-03-25,"DOYANG, NEEPCO",,,,,Hydro,2024-03-27 22:19:48
ACP,2024-03-25,"KHANDONG, NEEPCO",,,,,Hydro,2024-03-27 22:19:48
ACP,2024-03-25,"KOPILI-1, NEEPCO",,,,,Hydro,2024-03-27 22:19:48
ACP,2024-03-25,"KOPILI-2, NEEPCO",,,,,Hydro,2024-03-27 22:19:48
ACP,2024-03-25,"LOKTAK, NHPC",,,,,Hydro,2024-03-27 22:19:48
ACP,2024-03-25,"RANGANADI, NEEPCO",,,,,Hydro,2024-03-27 22:19:48
ACP,2024-03-25,"AGBPP, NEEPCO",,,,,Gas,2024-03-27 22:19:48
ACP,2024-03-25,AGTPP-CC,,,,,Gas,2024-03-27 22:19:48
ACP,2024-03-25,FARAKKA,,,,,Thermal,2024-03-27 22:19:48
ACP,2024-03-25,KAHALGAON - I,,,,,Thermal,2024-03-27 22:19:48
ACP,2024-03-25,NTPC BONGAIGAON,,,,,Thermal,2024-03-27 22:19:48
ACP,2024-03-25,PALATANA,,,,,Gas,2024-03-27 22:19:48
ACP,2024-03-25,TALCHER,,,,,Thermal,2024-03-27 22:19:48
ACP,2024-03-26,"DOYANG, NEEPCO",,,,,Hydro,2024-03-28 22:19:46
ACP,2024-03-26,"KHANDONG, NEEPCO",,,,,Hydro,2024-03-28 22:19:46
ACP,2024-03-26,"KOPILI-1, NEEPCO",,,,,Hydro,2024-03-28 22:19:46
ACP,2024-03-26,"KOPILI-2, NEEPCO",,,,,Hydro,2024-03-28 22:19:46
ACP,2024-03-26,"LOKTAK, NHPC",,,,,Hydro,2024-03-28 22:19:46
ACP,2024-03-26,"RANGANADI, NEEPCO",,,,,Hydro,2024-03-28 22:19:46
ACP,2024-03-26,"AGBPP, NEEPCO",,,,,Gas,2024-03-28 22:19:46
ACP,2024-03-26,AGTPP-CC,,,,,Gas,2024-03-28 22:19:46
ACP,2024-03-26,FARAKKA,,,,,Thermal,2024-03-28 22:19:46
ACP,2024-03-26,KAHALGAON - I,,,,,Thermal,2024-03-28 22:19:46
ACP,2024-03-26,NTPC BONGAIGAON,,,,,Thermal,2024-03-28 22:19:46
ACP,2024-03-26,PALATANA,,,,,Gas,2024-03-28 22:19:46
ACP,2024-03-26,TALCHER,,,,,Thermal,2024-03-28 22:19:46
ACP,2024-03-27,"DOYANG, NEEPCO",,,,,Hydro,2024-03-29 22:19:46
ACP,2024-03-27,"KHANDONG, NEEPCO",,,,,Hydro,2024-03-29 22:19:46
ACP,2024-03-27,"KOPILI-1, NEEPCO",,,,,Hydro,2024-03-29 22:19:46
ACP,2024-03-27,"KOPILI-2, NEEPCO",,,,,Hydro,2024-03-29 22:19:46
ACP,2024-03-27,"LOKTAK, NHPC",,,,,Hydro,2024-03-29 22:19:46
ACP,2024-03-27,"RANGANADI, NEEPCO",,,,,Hydro,2024-03-29 22:19:46
ACP,2024-03-27,"AGBPP, NEEPCO",,,,,Gas,2024-03-29 22:19:46
ACP,2024-03-27,AGTPP-CC,,,,,Gas,2024-03-29 22:19:46
ACP,2024-03-27,FARAKKA,,,,,Thermal,2024-03-29 22:19:46
ACP,2024-03-27,KAHALGAON - I,,,,,Thermal,2024-03-29 22:19:46
ACP,2024-03-27,NTPC BONGAIGAON,,,,,Thermal,2024-03-29 22:19:46
ACP,2024-03-27,PALATANA,,,,,Gas,2024-03-29 22:19:46
ACP,2024-03-27,TALCHER,,,,,Thermal,2024-03-29 22:19:46
ACP,2024-03-28,"DOYANG, NEEPCO",,,,,Hydro,2024-03-30 22:19:57
ACP,2024-03-28,"KHANDONG, NEEPCO",,,,,Hydro,2024-03-30 22:19:57
ACP,2024-03-28,"KOPILI-1, NEEPCO",,,,,Hydro,2024-03-30 22:19:57
ACP,2024-03-28,"KOPILI-2, NEEPCO",,,,,Hydro,2024-03-30 22:19:57
ACP,2024-03-28,"LOKTAK, NHPC",,,,,Hydro,2024-03-30 22:19:57
ACP,2024-03-28,"RANGANADI, NEEPCO",,,,,Hydro,2024-03-30 22:19:57
ACP,2024-03-28,"AGBPP, NEEPCO",,,,,Gas,2024-03-30 22:19:57
ACP,2024-03-28,AGTPP-CC,,,,,Gas,2024-03-30 22:19:57
ACP,2024-03-28,FARAKKA,,,,,Thermal,2024-03-30 22:19:57
ACP,2024-03-28,KAHALGAON - I,,,,,Thermal,2024-03-30 22:19:57
ACP,2024-03-28,NTPC BONGAIGAON,,,,,Thermal,2024-03-30 22:19:57
ACP,2024-03-28,PALATANA,,,,,Gas,2024-03-30 22:19:57
ACP,2024-03-28,TALCHER,,,,,Thermal,2024-03-30 22:19:57
ACP,2024-03-29,"DOYANG, NEEPCO",,,,,Hydro,2024-03-31 22:19:46
ACP,2024-03-29,"KHANDONG, NEEPCO",,,,,Hydro,2024-03-31 22:19:46
ACP,2024-03-29,"KOPILI-1, NEEPCO",,,,,Hydro,2024-03-31 22:19:46
ACP,2024-03-29,"KOPILI-2, NEEPCO",,,,,Hydro,2024-03-31 22:19:46
ACP,2024-03-29,"LOKTAK, NHPC",,,,,Hydro,2024-03-31 22:19:46
ACP,2024-03-29,"RANGANADI, NEEPCO",,,,,Hydro,2024-03-31 22:19:46
ACP,2024-03-29,"AGBPP, NEEPCO",,,,,Gas,2024-03-31 22:19:46
ACP,2024-03-29,AGTPP-CC,,,,,Gas,2024-03-31 22:19:46
ACP,2024-03-29,FARAKKA,,,,,Thermal,2024-03-31 22:19:46
ACP,2024-03-29,KAHALGAON - I,,,,,Thermal,2024-03-31 22:19:46
ACP,2024-03-29,NTPC BONGAIGAON,,,,,Thermal,2024-03-31 22:19:46
ACP,2024-03-29,PALATANA,,,,,Gas,2024-03-31 22:19:46
ACP,2024-03-29,TALCHER,,,,,Thermal,2024-03-31 22:19:46
ACP,2024-03-30,"DOYANG, NEEPCO",,,,,Hydro,2024-04-01 22:19:36
ACP,2024-03-30,"KHANDONG, NEEPCO",,,,,Hydro,2024-04-01 22:19:36
ACP,2024-03-30,"KOPILI-1, NEEPCO",,,,,Hydro,2024-04-01 22:19:36
ACP,2024-03-30,"KOPILI-2, NEEPCO",,,,,Hydro,2024-04-01 22:19:36
ACP,2024-03-30,"LOKTAK, NHPC",,,,,Hydro,2024-04-01 22:19:36
ACP,2024-03-30,"RANGANADI, NEEPCO",,,,,Hydro,2024-04-01 22:19:36
ACP,2024-03-30,"AGBPP, NEEPCO",,,,,Gas,2024-04-01 22:19:36
ACP,2024-03-30,AGTPP-CC,,,,,Gas,2024-04-01 22:19:36
ACP,2024-03-30,FARAKKA,,,,,Thermal,2024-04-01 22:19:36
ACP,2024-03-30,KAHALGAON - I,,,,,Thermal,2024-04-01 22:19:36
ACP,2024-03-30,NTPC BONGAIGAON,,,,,Thermal,2024-04-01 22:19:36
ACP,2024-03-30,PALATANA,,,,,Gas,2024-04-01 22:19:36
ACP,2024-03-30,TALCHER,,,,,Thermal,2024-04-01 22:19:36
ACP,2024-03-31,"DOYANG, NEEPCO",,,,,Hydro,2024-04-02 22:20:45
ACP,2024-03-31,"KHANDONG, NEEPCO",,,,,Hydro,2024-04-02 22:20:45
ACP,2024-03-31,"KOPILI-1, NEEPCO",,,,,Hydro,2024-04-02 22:20:45
ACP,2024-03-31,"KOPILI-2, NEEPCO",,,,,Hydro,2024-04-02 22:20:45
ACP,2024-03-31,"LOKTAK, NHPC",,,,,Hydro,2024-04-02 22:20:45
ACP,2024-03-31,"RANGANADI, NEEPCO",,,,,Hydro,2024-04-02 22:20:45
ACP,2024-03-31,"AGBPP, NEEPCO",,,,,Gas,2024-04-02 22:20:45
ACP,2024-03-31,AGTPP-CC,,,,,Gas,2024-04-02 22:20:45
ACP,2024-03-31,FARAKKA,,,,,Thermal,2024-04-02 22:20:45
ACP,2024-03-31,KAHALGAON - I,,,,,Thermal,2024-04-02 22:20:45
ACP,2024-03-31,NTPC BONGAIGAON,,,,,Thermal,2024-04-02 22:20:45
ACP,2024-03-31,PALATANA,,,,,Gas,2024-04-02 22:20:45
ACP,2024-03-31,TALCHER,,,,,Thermal,2024-04-02 22:20:45
ACP,2024-04-01,"DOYANG, NEEPCO",,,,,Hydro,2024-04-03 22:19:50
ACP,2024-04-01,"KHANDONG, NEEPCO",,,,,Hydro,2024-04-03 22:19:50
ACP,2024-04-01,"KOPILI-1, NEEPCO",,,,,Hydro,2024-04-03 22:19:50
ACP,2024-04-01,"KOPILI-2, NEEPCO",,,,,Hydro,2024-04-03 22:19:50
ACP,2024-04-01,"LOKTAK, NHPC",,,,,Hydro,2024-04-03 22:19:50
ACP,2024-04-01,"RANGANADI, NEEPCO",,,,,Hydro,2024-04-03 22:19:50
ACP,2024-04-01,"AGBPP, NEEPCO",,,,,Gas,2024-04-03 22:19:50
ACP,2024-04-01,AGTPP-CC,,,,,Gas,2024-04-03 22:19:50
ACP,2024-04-01,FARAKKA,,,,,Thermal,2024-04-03 22:19:50
ACP,2024-04-01,KAHALGAON - I,,,,,Thermal,2024-04-03 22:19:50
ACP,2024-04-01,NTPC BONGAIGAON,,,,,Thermal,2024-04-03 22:19:50
ACP,2024-04-01,PALATANA,,,,,Gas,2024-04-03 22:19:50
ACP,2024-04-01,TALCHER,,,,,Thermal,2024-04-03 22:19:50
ACP,2024-04-02,"DOYANG, NEEPCO",,,,,Hydro,2024-04-04 22:19:51
ACP,2024-04-02,"KHANDONG, NEEPCO",,,,,Hydro,2024-04-04 22:19:51
ACP,2024-04-02,"KOPILI-1, NEEPCO",,,,,Hydro,2024-04-04 22:19:51
ACP,2024-04-02,"KOPILI-2, NEEPCO",,,,,Hydro,2024-04-04 22:19:51
ACP,2024-04-02,"LOKTAK, NHPC",,,,,Hydro,2024-04-04 22:19:51
ACP,2024-04-02,"RANGANADI, NEEPCO",,,,,Hydro,2024-04-04 22:19:51
ACP,2024-04-02,"AGBPP, NEEPCO",,,,,Gas,2024-04-04 22:19:51
ACP,2024-04-02,AGTPP-CC,,,,,Gas,2024-04-04 22:19:51
ACP,2024-04-02,FARAKKA,,,,,Thermal,2024-04-04 22:19:51
ACP,2024-04-02,KAHALGAON - I,,,,,Thermal,2024-04-04 22:19:51
ACP,2024-04-02,NTPC BONGAIGAON,,,,,Thermal,2024-04-04 22:19:51
ACP,2024-04-02,PALATANA,,,,,Gas,2024-04-04 22:19:51
ACP,2024-04-02,TALCHER,,,,,Thermal,2024-04-04 22:19:51
ACP,2024-04-03,"DOYANG, NEEPCO",,,,,Hydro,2024-04-05 22:19:46
ACP,2024-04-03,"KHANDONG, NEEPCO",,,,,Hydro,2024-04-05 22:19:46
ACP,2024-04-03,"KOPILI-1, NEEPCO",,,,,Hydro,2024-04-05 22:19:46
ACP,2024-04-03,"KOPILI-2, NEEPCO",,,,,Hydro,2024-04-05 22:19:46
ACP,2024-04-03,"LOKTAK, NHPC",,,,,Hydro,2024-04-05 22:19:46
ACP,2024-04-03,"RANGANADI, NEEPCO",,,,,Hydro,2024-04-05 22:19:46
ACP,2024-04-03,"AGBPP, NEEPCO",,,,,Gas,2024-04-05 22:19:46
ACP,2024-04-03,AGTPP-CC,,,,,Gas,2024-04-05 22:19:46
ACP,2024-04-03,FARAKKA,,,,,Thermal,2024-04-05 22:19:46
ACP,2024-04-03,KAHALGAON - I,,,,,Thermal,2024-04-05 22:19:46
ACP,2024-04-03,NTPC BONGAIGAON,,,,,Thermal,2024-04-05 22:19:46
ACP,2024-04-03,PALATANA,,,,,Gas,2024-04-05 22:19:46
ACP,2024-04-03,TALCHER,,,,,Thermal,2024-04-05 22:19:46
ACP,2024-04-04,"DOYANG, NEEPCO",,,,,Hydro,2024-04-06 22:19:47
ACP,2024-04-04,"KHANDONG, NEEPCO",,,,,Hydro,2024-04-06 22:19:47
ACP,2024-04-04,"KOPILI-1, NEEPCO",,,,,Hydro,2024-04-06 22:19:47
ACP,2024-04-04,"KOPILI-2, NEEPCO",,,,,Hydro,2024-04-06 22:19:47
ACP,2024-04-04,"LOKTAK, NHPC",,,,,Hydro,2024-04-06 22:19:47
ACP,2024-04-04,"RANGANADI, NEEPCO",,,,,Hydro,2024-04-06 22:19:47
ACP,2024-04-04,"AGBPP, NEEPCO",,,,,Gas,2024-04-06 22:19:47
ACP,2024-04-04,AGTPP-CC,,,,,Gas,2024-04-06 22:19:47
ACP,2024-04-04,FARAKKA,,,,,Thermal,2024-04-06 22:19:47
ACP,2024-04-04,KAHALGAON - I,,,,,Thermal,2024-04-06 22:19:47
ACP,2024-04-04,NTPC BONGAIGAON,,,,,Thermal,2024-04-06 22:19:47
ACP,2024-04-04,PALATANA,,,,,Gas,2024-04-06 22:19:47
ACP,2024-04-04,TALCHER,,,,,Thermal,2024-04-06 22:19:47
ACP,2024-04-05,"DOYANG, NEEPCO",,,,,Hydro,2024-04-07 22:19:46
ACP,2024-04-05,"KHANDONG, NEEPCO",,,,,Hydro,2024-04-07 22:19:46
ACP,2024-04-05,"KOPILI-1, NEEPCO",,,,,Hydro,2024-04-07 22:19:46
ACP,2024-04-05,"KOPILI-2, NEEPCO",,,,,Hydro,2024-04-07 22:19:46
ACP,2024-04-05,"LOKTAK, NHPC",,,,,Hydro,2024-04-07 22:19:46
ACP,2024-04-05,"RANGANADI, NEEPCO",,,,,Hydro,2024-04-07 22:19:46
ACP,2024-04-05,"AGBPP, NEEPCO",,,,,Gas,2024-04-07 22:19:46
ACP,2024-04-05,AGTPP-CC,,,,,Gas,2024-04-07 22:19:46
ACP,2024-04-05,FARAKKA,,,,,Thermal,2024-04-07 22:19:46
ACP,2024-04-05,KAHALGAON - I,,,,,Thermal,2024-04-07 22:19:46
ACP,2024-04-05,NTPC BONGAIGAON,,,,,Thermal,2024-04-07 22:19:46
ACP,2024-04-05,PALATANA,,,,,Gas,2024-04-07 22:19:46
ACP,2024-04-05,TALCHER,,,,,Thermal,2024-04-07 22:19:46
ACP,2024-04-06,"DOYANG, NEEPCO",,,,,Hydro,2024-04-08 22:19:39
ACP,2024-04-06,"KHANDONG, NEEPCO",,,,,Hydro,2024-04-08 22:19:39
ACP,2024-04-06,"KOPILI-1, NEEPCO",,,,,Hydro,2024-04-08 22:19:39
ACP,2024-04-06,"KOPILI-2, NEEPCO",,,,,Hydro,2024-04-08 22:19:39
ACP,2024-04-06,"LOKTAK, NHPC",,,,,Hydro,2024-04-08 22:19:39
ACP,2024-04-06,"RANGANADI, NEEPCO",,,,,Hydro,2024-04-08 22:19:39
ACP,2024-04-06,"AGBPP, NEEPCO",,,,,Gas,2024-04-08 22:19:39
ACP,2024-04-06,AGTPP-CC,,,,,Gas,2024-04-08 22:19:39
ACP,2024-04-06,FARAKKA,,,,,Thermal,2024-04-08 22:19:39
ACP,2024-04-06,KAHALGAON - I,,,,,Thermal,2024-04-08 22:19:39
ACP,2024-04-06,NTPC BONGAIGAON,,,,,Thermal,2024-04-08 22:19:39
ACP,2024-04-06,PALATANA,,,,,Gas,2024-04-08 22:19:39
ACP,2024-04-06,TALCHER,,,,,Thermal,2024-04-08 22:19:39
ACP,2024-04-07,"DOYANG, NEEPCO",,,,,Hydro,2024-04-09 22:19:53
ACP,2024-04-07,"KHANDONG, NEEPCO",,,,,Hydro,2024-04-09 22:19:53
ACP,2024-04-07,"KOPILI-1, NEEPCO",,,,,Hydro,2024-04-09 22:19:53
ACP,2024-04-07,"KOPILI-2, NEEPCO",,,,,Hydro,2024-04-09 22:19:53
ACP,2024-04-07,"LOKTAK, NHPC",,,,,Hydro,2024-04-09 22:19:53
ACP,2024-04-07,"RANGANADI, NEEPCO",,,,,Hydro,2024-04-09 22:19:53
ACP,2024-04-07,"AGBPP, NEEPCO",,,,,Gas,2024-04-09 22:19:53
ACP,2024-04-07,AGTPP-CC,,,,,Gas,2024-04-09 22:19:53
ACP,2024-04-07,FARAKKA,,,,,Thermal,2024-04-09 22:19:53
ACP,2024-04-07,KAHALGAON - I,,,,,Thermal,2024-04-09 22:19:53
ACP,2024-04-07,NTPC BONGAIGAON,,,,,Thermal,2024-04-09 22:19:53
ACP,2024-04-07,PALATANA,,,,,Gas,2024-04-09 22:19:53
ACP,2024-04-07,TALCHER,,,,,Thermal,2024-04-09 22:19:53
ACP,2024-04-08,"DOYANG, NEEPCO",,,,,Hydro,2024-04-10 22:19:52
ACP,2024-04-08,"KHANDONG, NEEPCO",,,,,Hydro,2024-04-10 22:19:52
ACP,2024-04-08,"KOPILI-1, NEEPCO",,,,,Hydro,2024-04-10 22:19:52
ACP,2024-04-08,"KOPILI-2, NEEPCO",,,,,Hydro,2024-04-10 22:19:52
ACP,2024-04-08,"LOKTAK, NHPC",,,,,Hydro,2024-04-10 22:19:52
ACP,2024-04-08,"RANGANADI, NEEPCO",,,,,Hydro,2024-04-10 22:19:52
ACP,2024-04-08,"AGBPP, NEEPCO",,,,,Gas,2024-04-10 22:19:52
ACP,2024-04-08,AGTPP-CC,,,,,Gas,2024-04-10 22:19:52
ACP,2024-04-08,FARAKKA,,,,,Thermal,2024-04-10 22:19:52
ACP,2024-04-08,KAHALGAON - I,,,,,Thermal,2024-04-10 22:19:52
ACP,2024-04-08,NTPC BONGAIGAON,,,,,Thermal,2024-04-10 22:19:52
ACP,2024-04-08,PALATANA,,,,,Gas,2024-04-10 22:19:52
ACP,2024-04-08,TALCHER,,,,,Thermal,2024-04-10 22:19:52
ACP,2024-04-09,"DOYANG, NEEPCO",,,,,Hydro,2024-04-11 22:19:54
ACP,2024-04-09,"KHANDONG, NEEPCO",,,,,Hydro,2024-04-11 22:19:54
ACP,2024-04-09,"KOPILI-1, NEEPCO",,,,,Hydro,2024-04-11 22:19:54
ACP,2024-04-09,"KOPILI-2, NEEPCO",,,,,Hydro,2024-04-11 22:19:54
ACP,2024-04-09,"LOKTAK, NHPC",,,,,Hydro,2024-04-11 22:19:54
ACP,2024-04-09,"RANGANADI, NEEPCO",,,,,Hydro,2024-04-11 22:19:54
ACP,2024-04-09,"AGBPP, NEEPCO",,,,,Gas,2024-04-11 22:19:54
ACP,2024-04-09,AGTPP-CC,,,,,Gas,2024-04-11 22:19:54
ACP,2024-04-09,FARAKKA,,,,,Thermal,2024-04-11 22:19:54
ACP,2024-04-09,KAHALGAON - I,,,,,Thermal,2024-04-11 22:19:54
ACP,2024-04-09,NTPC BONGAIGAON,,,,,Thermal,2024-04-11 22:19:54
ACP,2024-04-09,PALATANA,,,,,Gas,2024-04-11 22:19:54
ACP,2024-04-09,TALCHER,,,,,Thermal,2024-04-11 22:19:54
ACP,2024-04-10,"DOYANG, NEEPCO",,,,,Hydro,2024-04-12 22:19:40
ACP,2024-04-10,"KHANDONG, NEEPCO",,,,,Hydro,2024-04-12 22:19:40
ACP,2024-04-10,"KOPILI-1, NEEPCO",,,,,Hydro,2024-04-12 22:19:40
ACP,2024-04-10,"KOPILI-2, NEEPCO",,,,,Hydro,2024-04-12 22:19:40
ACP,2024-04-10,"LOKTAK, NHPC",,,,,Hydro,2024-04-12 22:19:40
ACP,2024-04-10,"RANGANADI, NEEPCO",,,,,Hydro,2024-04-12 22:19:40
ACP,2024-04-10,"AGBPP, NEEPCO",,,,,Gas,2024-04-12 22:19:40
ACP,2024-04-10,AGTPP-CC,,,,,Gas,2024-04-12 22:19:40
ACP,2024-04-10,FARAKKA,,,,,Thermal,2024-04-12 22:19:40
ACP,2024-04-10,KAHALGAON - I,,,,,Thermal,2024-04-12 22:19:40
ACP,2024-04-10,NTPC BONGAIGAON,,,,,Thermal,2024-04-12 22:19:40
ACP,2024-04-10,PALATANA,,,,,Gas,2024-04-12 22:19:40
ACP,2024-04-10,TALCHER,,,,,Thermal,2024-04-12 22:19:40
ACP,2024-04-11,"DOYANG, NEEPCO",,,,,Hydro,2024-04-13 22:19:50
ACP,2024-04-11,"KHANDONG, NEEPCO",,,,,Hydro,2024-04-13 22:19:50
ACP,2024-04-11,"KOPILI-1, NEEPCO",,,,,Hydro,2024-04-13 22:19:50
ACP,2024-04-11,"KOPILI-2, NEEPCO",,,,,Hydro,2024-04-13 22:19:50
ACP,2024-04-11,"LOKTAK, NHPC",,,,,Hydro,2024-04-13 22:19:50
ACP,2024-04-11,"RANGANADI, NEEPCO",,,,,Hydro,2024-04-13 22:19:50
ACP,2024-04-11,"AGBPP, NEEPCO",,,,,Gas,2024-04-13 22:19:50
ACP,2024-04-11,AGTPP-CC,,,,,Gas,2024-04-13 22:19:50
ACP,2024-04-11,FARAKKA,,,,,Thermal,2024-04-13 22:19:50
ACP,2024-04-11,KAHALGAON - I,,,,,Thermal,2024-04-13 22:19:50
ACP,2024-04-11,NTPC BONGAIGAON,,,,,Thermal,2024-04-13 22:19:50
ACP,2024-04-11,PALATANA,,,,,Gas,2024-04-13 22:19:50
ACP,2024-04-11,TALCHER,,,,,Thermal,2024-04-13 22:19:50
ACP,2024-04-12,"DOYANG, NEEPCO",,,,,Hydro,2024-04-14 23:57:15
ACP,2024-04-12,"KHANDONG, NEEPCO",,,,,Hydro,2024-04-14 23:57:15
ACP,2024-04-12,"KOPILI-1, NEEPCO",,,,,Hydro,2024-04-14 23:57:15
ACP,2024-04-12,"KOPILI-2, NEEPCO",,,,,Hydro,2024-04-14 23:57:15
ACP,2024-04-12,"LOKTAK, NHPC",,,,,Hydro,2024-04-14 23:57:15
ACP,2024-04-12,"RANGANADI, NEEPCO",,,,,Hydro,2024-04-14 23:57:15
ACP,2024-04-12,"AGBPP, NEEPCO",,,,,Gas,2024-04-14 23:57:15
ACP,2024-04-12,AGTPP-CC,,,,,Gas,2024-04-14 23:57:15
ACP,2024-04-12,FARAKKA,,,,,Thermal,2024-04-14 23:57:15
ACP,2024-04-12,KAHALGAON - I,,,,,Thermal,2024-04-14 23:57:15
ACP,2024-04-12,NTPC BONGAIGAON,,,,,Thermal,2024-04-14 23:57:15
ACP,2024-04-12,PALATANA,,,,,Gas,2024-04-14 23:57:15
ACP,2024-04-12,TALCHER,,,,,Thermal,2024-04-14 23:57:15
ACP,2024-04-13,"DOYANG, NEEPCO",,,,,Hydro,2024-04-15 22:19:46
ACP,2024-04-13,"KHANDONG, NEEPCO",,,,,Hydro,2024-04-15 22:19:46
ACP,2024-04-13,"KOPILI-1, NEEPCO",,,,,Hydro,2024-04-15 22:19:46
ACP,2024-04-13,"KOPILI-2, NEEPCO",,,,,Hydro,2024-04-15 22:19:46
ACP,2024-04-13,"LOKTAK, NHPC",,,,,Hydro,2024-04-15 22:19:46
ACP,2024-04-13,"RANGANADI, NEEPCO",,,,,Hydro,2024-04-15 22:19:46
ACP,2024-04-13,"AGBPP, NEEPCO",,,,,Gas,2024-04-15 22:19:46
ACP,2024-04-13,AGTPP-CC,,,,,Gas,2024-04-15 22:19:46
ACP,2024-04-13,FARAKKA,,,,,Thermal,2024-04-15 22:19:46
ACP,2024-04-13,KAHALGAON - I,,,,,Thermal,2024-04-15 22:19:46
ACP,2024-04-13,NTPC BONGAIGAON,,,,,Thermal,2024-04-15 22:19:46
ACP,2024-04-13,PALATANA,,,,,Gas,2024-04-15 22:19:46
ACP,2024-04-13,TALCHER,,,,,Thermal,2024-04-15 22:19:46
ACP,2024-04-14,"DOYANG, NEEPCO",,,,,Hydro,2024-04-16 22:19:45
ACP,2024-04-14,"KHANDONG, NEEPCO",,,,,Hydro,2024-04-16 22:19:45
ACP,2024-04-14,"KOPILI-1, NEEPCO",,,,,Hydro,2024-04-16 22:19:45
ACP,2024-04-14,"KOPILI-2, NEEPCO",,,,,Hydro,2024-04-16 22:19:45
ACP,2024-04-14,"LOKTAK, NHPC",,,,,Hydro,2024-04-16 22:19:45
ACP,2024-04-14,"RANGANADI, NEEPCO",,,,,Hydro,2024-04-16 22:19:45
ACP,2024-04-14,"AGBPP, NEEPCO",,,,,Gas,2024-04-16 22:19:45
ACP,2024-04-14,AGTPP-CC,,,,,Gas,2024-04-16 22:19:45
ACP,2024-04-14,FARAKKA,,,,,Thermal,2024-04-16 22:19:45
ACP,2024-04-14,KAHALGAON - I,,,,,Thermal,2024-04-16 22:19:45
ACP,2024-04-14,NTPC BONGAIGAON,,,,,Thermal,2024-04-16 22:19:45
ACP,2024-04-14,PALATANA,,,,,Gas,2024-04-16 22:19:45
ACP,2024-04-14,TALCHER,,,,,Thermal,2024-04-16 22:19:45
ACP,2024-04-15,"DOYANG, NEEPCO",,,,,Hydro,2024-04-17 22:19:53
ACP,2024-04-15,"KHANDONG, NEEPCO",,,,,Hydro,2024-04-17 22:19:53
ACP,2024-04-15,"KOPILI-1, NEEPCO",,,,,Hydro,2024-04-17 22:19:53
ACP,2024-04-15,"KOPILI-2, NEEPCO",,,,,Hydro,2024-04-17 22:19:53
ACP,2024-04-15,"LOKTAK, NHPC",,,,,Hydro,2024-04-17 22:19:53
ACP,2024-04-15,"RANGANADI, NEEPCO",,,,,Hydro,2024-04-17 22:19:53
ACP,2024-04-15,"AGBPP, NEEPCO",,,,,Gas,2024-04-17 22:19:53
ACP,2024-04-15,AGTPP-CC,,,,,Gas,2024-04-17 22:19:53
ACP,2024-04-15,FARAKKA,,,,,Thermal,2024-04-17 22:19:53
ACP,2024-04-15,KAHALGAON - I,,,,,Thermal,2024-04-17 22:19:53
ACP,2024-04-15,NTPC BONGAIGAON,,,,,Thermal,2024-04-17 22:19:53
ACP,2024-04-15,PALATANA,,,,,Gas,2024-04-17 22:19:53
ACP,2024-04-15,TALCHER,,,,,Thermal,2024-04-17 22:19:53
ACP,2024-04-16,"DOYANG, NEEPCO",,,,,Hydro,2024-04-18 22:19:53
ACP,2024-04-16,"KHANDONG, NEEPCO",,,,,Hydro,2024-04-18 22:19:53
ACP,2024-04-16,"KOPILI-1, NEEPCO",,,,,Hydro,2024-04-18 22:19:53
ACP,2024-04-16,"KOPILI-2, NEEPCO",,,,,Hydro,2024-04-18 22:19:53
ACP,2024-04-16,"LOKTAK, NHPC",,,,,Hydro,2024-04-18 22:19:53
ACP,2024-04-16,"RANGANADI, NEEPCO",,,,,Hydro,2024-04-18 22:19:53
ACP,2024-04-16,"AGBPP, NEEPCO",,,,,Gas,2024-04-18 22:19:53
ACP,2024-04-16,AGTPP-CC,,,,,Gas,2024-04-18 22:19:53
ACP,2024-04-16,FARAKKA,,,,,Thermal,2024-04-18 22:19:53
ACP,2024-04-16,KAHALGAON - I,,,,,Thermal,2024-04-18 22:19:53
ACP,2024-04-16,NTPC BONGAIGAON,,,,,Thermal,2024-04-18 22:19:53
ACP,2024-04-16,PALATANA,,,,,Gas,2024-04-18 22:19:53
ACP,2024-04-16,TALCHER,,,,,Thermal,2024-04-18 22:19:53
ACP,2024-04-17,"DOYANG, NEEPCO",,,,,Hydro,2024-04-19 22:19:41
ACP,2024-04-17,"KHANDONG, NEEPCO",,,,,Hydro,2024-04-19 22:19:41
ACP,2024-04-17,"KOPILI-1, NEEPCO",,,,,Hydro,2024-04-19 22:19:41
ACP,2024-04-17,"KOPILI-2, NEEPCO",,,,,Hydro,2024-04-19 22:19:41
ACP,2024-04-17,"LOKTAK, NHPC",,,,,Hydro,2024-04-19 22:19:41
ACP,2024-04-17,"RANGANADI, NEEPCO",,,,,Hydro,2024-04-19 22:19:41
ACP,2024-04-17,"AGBPP, NEEPCO",,,,,Gas,2024-04-19 22:19:41
ACP,2024-04-17,AGTPP-CC,,,,,Gas,2024-04-19 22:19:41
ACP,2024-04-17,FARAKKA,,,,,Thermal,2024-04-19 22:19:41
ACP,2024-04-17,KAHALGAON - I,,,,,Thermal,2024-04-19 22:19:41
ACP,2024-04-17,NTPC BONGAIGAON,,,,,Thermal,2024-04-19 22:19:41
ACP,2024-04-17,PALATANA,,,,,Gas,2024-04-19 22:19:41
ACP,2024-04-17,TALCHER,,,,,Thermal,2024-04-19 22:19:41
ACP,2024-04-18,"DOYANG, NEEPCO",,,,,Hydro,2024-04-20 22:20:02
ACP,2024-04-18,"KHANDONG, NEEPCO",,,,,Hydro,2024-04-20 22:20:02
ACP,2024-04-18,"KOPILI-1, NEEPCO",,,,,Hydro,2024-04-20 22:20:02
ACP,2024-04-18,"KOPILI-2, NEEPCO",,,,,Hydro,2024-04-20 22:20:02
ACP,2024-04-18,"LOKTAK, NHPC",,,,,Hydro,2024-04-20 22:20:02
ACP,2024-04-18,"RANGANADI, NEEPCO",,,,,Hydro,2024-04-20 22:20:02
ACP,2024-04-18,"AGBPP, NEEPCO",,,,,Gas,2024-04-20 22:20:02
ACP,2024-04-18,AGTPP-CC,,,,,Gas,2024-04-20 22:20:02
ACP,2024-04-18,FARAKKA,,,,,Thermal,2024-04-20 22:20:02
ACP,2024-04-18,KAHALGAON - I,,,,,Thermal,2024-04-20 22:20:02
ACP,2024-04-18,NTPC BONGAIGAON,,,,,Thermal,2024-04-20 22:20:02
ACP,2024-04-18,PALATANA,,,,,Gas,2024-04-20 22:20:02
ACP,2024-04-18,TALCHER,,,,,Thermal,2024-04-20 22:20:02
ACP,2024-04-19,"DOYANG, NEEPCO",,,,,Hydro,2024-04-21 22:19:50
ACP,2024-04-19,"KHANDONG, NEEPCO",,,,,Hydro,2024-04-21 22:19:50
ACP,2024-04-19,"KOPILI-1, NEEPCO",,,,,Hydro,2024-04-21 22:19:50
ACP,2024-04-19,"KOPILI-2, NEEPCO",,,,,Hydro,2024-04-21 22:19:50
ACP,2024-04-19,"LOKTAK, NHPC",,,,,Hydro,2024-04-21 22:19:50
ACP,2024-04-19,"RANGANADI, NEEPCO",,,,,Hydro,2024-04-21 22:19:50
ACP,2024-04-19,"AGBPP, NEEPCO",,,,,Gas,2024-04-21 22:19:50
ACP,2024-04-19,AGTPP-CC,,,,,Gas,2024-04-21 22:19:50
ACP,2024-04-19,FARAKKA,,,,,Thermal,2024-04-21 22:19:50
ACP,2024-04-19,KAHALGAON - I,,,,,Thermal,2024-04-21 22:19:50
ACP,2024-04-19,NTPC BONGAIGAON,,,,,Thermal,2024-04-21 22:19:50
ACP,2024-04-19,PALATANA,,,,,Gas,2024-04-21 22:19:50
ACP,2024-04-19,TALCHER,,,,,Thermal,2024-04-21 22:19:50
ACP,2024-04-20,"DOYANG, NEEPCO",,,,,Hydro,2024-04-22 22:19:30
ACP,2024-04-20,"KHANDONG, NEEPCO",,,,,Hydro,2024-04-22 22:19:30
ACP,2024-04-20,"KOPILI-1, NEEPCO",,,,,Hydro,2024-04-22 22:19:30
ACP,2024-04-20,"KOPILI-2, NEEPCO",,,,,Hydro,2024-04-22 22:19:30
ACP,2024-04-20,"LOKTAK, NHPC",,,,,Hydro,2024-04-22 22:19:30
ACP,2024-04-20,"RANGANADI, NEEPCO",,,,,Hydro,2024-04-22 22:19:30
ACP,2024-04-20,"AGBPP, NEEPCO",,,,,Gas,2024-04-22 22:19:30
ACP,2024-04-20,AGTPP-CC,,,,,Gas,2024-04-22 22:19:30
ACP,2024-04-20,FARAKKA,,,,,Thermal,2024-04-22 22:19:30
ACP,2024-04-20,KAHALGAON - I,,,,,Thermal,2024-04-22 22:19:30
ACP,2024-04-20,NTPC BONGAIGAON,,,,,Thermal,2024-04-22 22:19:30
ACP,2024-04-20,PALATANA,,,,,Gas,2024-04-22 22:19:30
ACP,2024-04-20,TALCHER,,,,,Thermal,2024-04-22 22:19:30
ACP,2024-04-21,"DOYANG, NEEPCO",,,,,Hydro,2024-04-23 22:19:50
ACP,2024-04-21,"KHANDONG, NEEPCO",,,,,Hydro,2024-04-23 22:19:50
ACP,2024-04-21,"KOPILI-1, NEEPCO",,,,,Hydro,2024-04-23 22:19:50
ACP,2024-04-21,"KOPILI-2, NEEPCO",,,,,Hydro,2024-04-23 22:19:50
ACP,2024-04-21,"LOKTAK, NHPC",,,,,Hydro,2024-04-23 22:19:50
ACP,2024-04-21,"RANGANADI, NEEPCO",,,,,Hydro,2024-04-23 22:19:50
ACP,2024-04-21,"AGBPP, NEEPCO",,,,,Gas,2024-04-23 22:19:50
ACP,2024-04-21,AGTPP-CC,,,,,Gas,2024-04-23 22:19:50
ACP,2024-04-21,FARAKKA,,,,,Thermal,2024-04-23 22:19:50
ACP,2024-04-21,KAHALGAON - I,,,,,Thermal,2024-04-23 22:19:50
ACP,2024-04-21,NTPC BONGAIGAON,,,,,Thermal,2024-04-23 22:19:50
ACP,2024-04-21,PALATANA,,,,,Gas,2024-04-23 22:19:50
ACP,2024-04-21,TALCHER,,,,,Thermal,2024-04-23 22:19:50
ACP,2024-04-22,"DOYANG, NEEPCO",,,,,Hydro,2024-04-24 22:19:49
ACP,2024-04-22,"KHANDONG, NEEPCO",,,,,Hydro,2024-04-24 22:19:49
ACP,2024-04-22,"KOPILI-1, NEEPCO",,,,,Hydro,2024-04-24 22:19:49
ACP,2024-04-22,"KOPILI-2, NEEPCO",,,,,Hydro,2024-04-24 22:19:49
ACP,2024-04-22,"LOKTAK, NHPC",,,,,Hydro,2024-04-24 22:19:49
ACP,2024-04-22,"RANGANADI, NEEPCO",,,,,Hydro,2024-04-24 22:19:49
ACP,2024-04-22,"AGBPP, NEEPCO",,,,,Gas,2024-04-24 22:19:49
ACP,2024-04-22,AGTPP-CC,,,,,Gas,2024-04-24 22:19:49
ACP,2024-04-22,FARAKKA,,,,,Thermal,2024-04-24 22:19:49
ACP,2024-04-22,KAHALGAON - I,,,,,Thermal,2024-04-24 22:19:49
ACP,2024-04-22,NTPC BONGAIGAON,,,,,Thermal,2024-04-24 22:19:49
ACP,2024-04-22,PALATANA,,,,,Gas,2024-04-24 22:19:49
ACP,2024-04-22,TALCHER,,,,,Thermal,2024-04-24 22:19:49
ACP,2024-04-23,"DOYANG, NEEPCO",,,,,Hydro,2024-04-25 22:19:51
ACP,2024-04-23,"KHANDONG, NEEPCO",,,,,Hydro,2024-04-25 22:19:51
ACP,2024-04-23,"KOPILI-1, NEEPCO",,,,,Hydro,2024-04-25 22:19:51
ACP,2024-04-23,"KOPILI-2, NEEPCO",,,,,Hydro,2024-04-25 22:19:51
ACP,2024-04-23,"LOKTAK, NHPC",,,,,Hydro,2024-04-25 22:19:51
ACP,2024-04-23,"RANGANADI, NEEPCO",,,,,Hydro,2024-04-25 22:19:51
ACP,2024-04-23,"AGBPP, NEEPCO",,,,,Gas,2024-04-25 22:19:51
ACP,2024-04-23,AGTPP-CC,,,,,Gas,2024-04-25 22:19:51
ACP,2024-04-23,FARAKKA,,,,,Thermal,2024-04-25 22:19:51
ACP,2024-04-23,KAHALGAON - I,,,,,Thermal,2024-04-25 22:19:51
ACP,2024-04-23,NTPC BONGAIGAON,,,,,Thermal,2024-04-25 22:19:51
ACP,2024-04-23,PALATANA,,,,,Gas,2024-04-25 22:19:51
ACP,2024-04-23,TALCHER,,,,,Thermal,2024-04-25 22:19:51
